<?xml version="1.0" encoding="UTF-8"?>
<configuration status="INFO">
    <appenders>
        <Console name="Console" target="SYSTEM_OUT">
            <PatternLayout
                    pattern="%d{HH:mm:ss.SSS} [%t] %-5level %logger{36} - %msg%n"/>
        </Console>
        <RollingFile name="LogFile" fileName="/tmp/cs13304.log" 
        			 immediateFlush="true" append="true"
                     filePattern="/tmp/cs13304-%d{yyyy-MM-dd}-%i.log">
            <PatternLayout>
                <pattern>%d{yyy-MM-dd HH:mm:ss.SSS} [%t] %-5level %logger{36} - %msg%n</pattern>
            </PatternLayout>
            <Policies>
                <SizeBasedTriggeringPolicy size="10 MB" />
            </Policies>
            <DefaultRolloverStrategy min="1" max="4" />
        </RollingFile>
    </appenders>
    <loggers>
        <root level="debug">
            <appender-ref ref="Console" />
        </root>
        <Logger name="me.jmll.controller.Login" level="TRACE">
        	<appender-ref ref="LogFile"/>
        </Logger>
        <Logger name="me.jmll.controller.Logout" level="TRACE">
        	<appender-ref ref="LogFile"/>
        </Logger>
        <Logger name="me.jmll.filter.Authorization" level="TRACE">
        	<appender-ref ref="LogFile"/>
        </Logger>
        <!-- Escribe aquí tu código -->

        <!-- Escribe aquí tu código -->
    </loggers>
</configuration>